Id Mov;Pessoa;Status;Data reserva;Observação
12;Jose Arlindo;Cancelado;2016-10-19;fdf
13;Ramon Hentges;Cancelado;2016-10-17;fsdsdsd
20;Jose Arlindo;Cancelado;2016-10-17;cancelar
21;Mauricio Forza;Cancelado;2016-10-21;sdsfsd
23;Mauricio Forza;Cancelado;2016-10-21;11
26;samuel samu;Cancelado;2016-10-20;gdfgfd
27;samuel samu;Cancelado;2016-10-20;1212
28;samuel samu;Cancelado;2016-10-20;123132
29;Barbie Girl;Cancelado;2016-10-21;;)
33;Barbie Girl;Cancelado;2016-10-27;eqeq
35;Mauricio Forza;Cancelado;2016-11-26;
